pass, mre, error variance, mean time, time variance
0, 0.00824709, 0.000631293, 0.0022922, 3.92761e-08
1, 0.0417789, 0.00129077, 0.0253449, 1.26852e-06
2, 0.0521886, 0.00148127, 0.0226738, 4.17649e-06
3, 0.0574949, 0.00135116, 0.0163383, 5.31893e-07
4, 0.0543014, 0.00133178, 0.0156422, 3.67579e-07
