pass, mre, error variance, mean time, time variance
0, 0.00814874, 0.000506068, 0.000682757, 1.74417e-08
1, 0.0391899, 0.00122862, 0.00522832, 3.64434e-08
2, 0.047811, 0.00142591, 0.00491546, 7.91833e-09
3, 0.0512658, 0.00135758, 0.00336122, 3.64009e-08
4, 0.0487959, 0.00151878, 0.00319846, 9.92339e-09
