pass, mre, error variance, mean time, time variance
0, 0.0197411, 0.00101451, 0.00347587, 5.03832e-08
1, 0.0339513, 0.000829765, 0.038118, 1.03652e-07
2, 0.0407105, 0.00116144, 0.0657225, 5.60291e-05
3, 0.0465595, 0.0014763, 0.0375798, 1.69045e-05
4, 0.0468902, 0.00144738, 0.0299544, 9.6354e-06
