pass, mre, error variance, mean time, time variance
0, 0.0142963, 0.000882313, 0.000713015, 1.91676e-08
1, 0.0290742, 0.000883254, 0.00661376, 3.71602e-08
2, 0.031885, 0.000910226, 0.00709883, 1.94213e-08
3, 0.0355542, 0.00112948, 0.00537147, 2.83954e-08
4, 0.0376108, 0.00122011, 0.00362881, 3.95037e-08
