pass, mre, error variance, mean time, time variance
0, 0.0149513, 0.000903838, 0.00114048, 2.40674e-08
1, 0.0305989, 0.000818453, 0.00845231, 4.09694e-08
2, 0.0351129, 0.000939642, 0.0119497, 3.41022e-08
3, 0.0406951, 0.00126082, 0.00760106, 3.53182e-08
4, 0.0458689, 0.00152675, 0.00549666, 4.7144e-08
