pass, mre, error variance, mean time, time variance
0, 0.0205803, 0.000992767, 0.00335452, 5.97058e-08
1, 0.0366476, 0.0010037, 0.0702087, 6.18934e-05
2, 0.0435474, 0.00132718, 0.0437527, 2.18303e-05
3, 0.0441209, 0.00131379, 0.0340256, 1.01248e-05
4, 0.0380012, 0.00105514, 0.0317461, 6.6571e-06
