pass, mre, error variance, mean time, time variance
0, 0.0329506, 0.000834104, 0.00227787, 5.01007e-08
1, 0.0429279, 0.00118307, 0.0645493, 3.979e-05
2, 0.0446232, 0.00125749, 0.0220398, 3.89638e-06
3, 0.044802, 0.00143317, 0.0224476, 3.20187e-06
4, 0.043937, 0.00110209, 0.0217641, 2.60599e-06
