pass, mre, error variance, mean time, time variance
0, 0.00874352, 0.000714023, 0.00109066, 2.28028e-08
1, 0.0406762, 0.00106142, 0.00977709, 8.57611e-08
2, 0.0522123, 0.00161868, 0.00833153, 1.50083e-07
3, 0.0459938, 0.00147862, 0.00654444, 4.03256e-08
4, 0.0403602, 0.00162908, 0.00628943, 2.05263e-08
