pass, mre, error variance, mean time, time variance
0, 0.00862979, 0.000707902, 0.00106857, 2.90754e-08
1, 0.0385622, 0.000935234, 0.011854, 1.13144e-07
2, 0.0479289, 0.00130996, 0.00922666, 5.41886e-08
3, 0.045918, 0.00147284, 0.00728434, 5.75311e-08
4, 0.0447814, 0.00155185, 0.00714496, 4.39533e-08
