pass, mre, error variance, mean time, time variance
0, 0.00871335, 0.000669817, 0.00104582, 2.73463e-08
1, 0.0409919, 0.00108352, 0.0100367, 1.17575e-07
2, 0.0465614, 0.00135505, 0.00798833, 3.41371e-08
3, 0.0452496, 0.00161554, 0.00668921, 1.40193e-08
4, 0.043111, 0.00167939, 0.00631556, 1.46672e-08
